<?xml version="1.0" encoding="UTF-8"?>
<project-private xmlns="http://www.netbeans.org/ns/project-private/1">
    <editor-bookmarks xmlns="http://www.netbeans.org/ns/editor-bookmarks/2" lastBookmarkId="0"/>
    <open-files xmlns="http://www.netbeans.org/ns/projectui-open-files/2">
        <group>
            <file>file:/C:/Users/rodriguez.markel/Documents/GitHub/Zerbitzu-eta-Prozesuen-Programazioa/TCPAzterketa/src/tcpazterketa/Serbidorea.java</file>
            <file>file:/C:/Users/rodriguez.markel/Documents/GitHub/Zerbitzu-eta-Prozesuen-Programazioa/TCPAzterketa/src/tcpazterketa/SerbidoreaHaria.java</file>
            <file>file:/C:/Users/rodriguez.markel/Documents/GitHub/Zerbitzu-eta-Prozesuen-Programazioa/TCPAzterketa/src/tcpazterketa/Bezeroa.java</file>
        </group>
    </open-files>
</project-private>
